{
    "PEModules": [],
    "cycles_program_begin": 292884465137125,
    "MlibObjs": {},
    "Misc": {
        "archive_dir": "archive.2",
        "cwd": "/media/share/GitHub/ntt-for-hps-integration/VerilatorSample",
        "vcs_version": "O-2018.09-SP2-2_Full64",
        "vcs_build_date": "Build Date = May 08 2019 20:31:38",
        "VCS_HOME": "/usr/synopsys/vc_static-O-2018.09-SP2-2/vcs-mx/",
        "master_pid": 11475,
        "hostname": "",
        "daidir": "/media/share/GitHub/ntt-for-hps-integration/VerilatorSample/simv.daidir",
        "csrc": "csrc",
        "csrc_abs": "/media/share/GitHub/ntt-for-hps-integration/VerilatorSample/csrc",
        "daidir_abs": "/media/share/GitHub/ntt-for-hps-integration/VerilatorSample/simv.daidir",
        "default_output_dir": "csrc"
    },
    "stat": {
        "ru_childs_end": {
            "ru_nvcsw": 2907,
            "ru_majflt": 142,
            "ru_utime_sec": 1.6211989999999998,
            "ru_stime_sec": 0.65199399999999996,
            "ru_nivcsw": 1813,
            "ru_minflt": 126104,
            "ru_maxrss_kb": 167128
        },
        "ru_self_cgstart": {
            "ru_nvcsw": 3153,
            "ru_majflt": 84,
            "ru_utime_sec": 2.0623710000000002,
            "ru_stime_sec": 0.39632299999999998,
            "ru_nivcsw": 43,
            "ru_minflt": 55536,
            "ru_maxrss_kb": 196540
        },
        "quadSpeed": 1613.404851887356,
        "ru_childs_cgstart": {
            "ru_nvcsw": 1945,
            "ru_majflt": 124,
            "ru_utime_sec": 0.59823899999999997,
            "ru_stime_sec": 0.12704799999999999,
            "ru_nivcsw": 43,
            "ru_minflt": 35321,
            "ru_maxrss_kb": 108188
        },
        "cpu_cycles_cgstart": 292887149914708,
        "mop/quad": 3.2210109018830524,
        "outputSizePerQuad": 56.994053518334987,
        "totalObjSize": 115014,
        "mopSpeed": 5196.7946170801852,
        "Frontend(%)": 68.02226630440758,
        "nMops": 6500,
        "nQuads": 2018,
        "ru_self_end": {
            "ru_nvcsw": 3868,
            "ru_majflt": 84,
            "ru_utime_sec": 2.2901820000000002,
            "ru_stime_sec": 0.45660299999999998,
            "ru_nivcsw": 503,
            "ru_minflt": 65306,
            "ru_maxrss_kb": 215756
        },
        "CodeGen(%)": 31.977733695592423,
        "peak_mem_kb": 532804,
        "cpu_cycles_end": 292887623565416,
        "cpu_cycles_total": 3158428291,
        "realTime": 3.2289009094238281
    },
    "perf": [
        {
            "stat": [
                "main",
                "entry",
                0.07207489013671875,
                0.21901499999999999,
                0.049228000000000001,
                347972,
                347972,
                0.0,
                0.0,
                1696843236.4308939,
                292884466930625
            ],
            "sub": [
                {
                    "stat": [
                        "doParsingAndDesignResolution",
                        "entry",
                        0.24885797500610352,
                        0.27581099999999997,
                        0.052727999999999997,
                        360040,
                        360040,
                        0.0,
                        0.0,
                        1696843236.607677,
                        292884643580750
                    ],
                    "sub": []
                },
                {
                    "stat": [
                        "doParsingAndDesignResolution",
                        "exit",
                        1.4809610843658447,
                        1.186885,
                        0.31471900000000003,
                        471312,
                        532804,
                        0.0,
                        0.0,
                        1696843237.8397801,
                        292885875711083
                    ],
                    "sub": []
                },
                {
                    "stat": [
                        "doPostDesignResolutionToVir2Vcs",
                        "entry",
                        1.498553991317749,
                        1.1974750000000001,
                        0.319189,
                        457380,
                        532804,
                        0.0,
                        0.0,
                        1696843237.857373,
                        292885893289125
                    ],
                    "sub": [
                        {
                            "stat": [
                                "doUptoVir2VcsNoSepCleanup",
                                "entry",
                                1.8048470020294189,
                                1.4153150000000001,
                                0.351522,
                                462884,
                                532804,
                                0.0,
                                0.0,
                                1696843238.163666,
                                292886199581875
                            ],
                            "sub": []
                        },
                        {
                            "stat": [
                                "doUptoVir2VcsNoSepCleanup",
                                "exit",
                                2.433574914932251,
                                1.986113,
                                0.384739,
                                478688,
                                532804,
                                0.0,
                                0.0,
                                1696843238.7923939,
                                292886828310083
                            ],
                            "sub": []
                        },
                        {
                            "stat": [
                                "doRadify_vir2vcsAll",
                                "entry",
                                2.4343509674072266,
                                1.986764,
                                0.38486500000000001,
                                478696,
                                532804,
                                0.41043200000000002,
                                0.084304000000000004,
                                1696843238.79317,
                                292886829058291
                            ],
                            "sub": []
                        },
                        {
                            "stat": [
                                "doRadify_vir2vcsAll",
                                "exit",
                                2.5033249855041504,
                                2.04854,
                                0.38902799999999998,
                                479184,
                                532804,
                                0.41043200000000002,
                                0.084304000000000004,
                                1696843238.862144,
                                292886898068291
                            ],
                            "sub": []
                        }
                    ]
                },
                {
                    "stat": [
                        "doPostDesignResolutionToVir2Vcs",
                        "exit",
                        2.5033900737762451,
                        2.0485959999999999,
                        0.38903799999999999,
                        479184,
                        532804,
                        0.41043200000000002,
                        0.084304000000000004,
                        1696843238.8622091,
                        292886898092791
                    ],