{
    "Modules": {
        "...MASTER...": {
            "start_perf": [
                2.7563560009002686,
                2.063558,
                0.39632600000000001,
                477764,
                532804,
                1696843239.115175,
                292887151070875
            ],
            "child_modules": {
                "TB": 1,
                "std": 1
            },
            "nRouts": 5,
            "nMops": 0,
            "end_perf": [
                2.8374218940734863,
                2.1046200000000002,
                0.40126899999999999,
                478188,
                532804,
                292887232173833,
                0,
                0
            ],
            "nQuads": 0
        },
        "romC_128x1": {
            "start_perf": [
                3.1377689838409424,
                2.2632249999999998,
                0.44427,
                479480,
                532804,
                1696843239.496588,
                292887532471291
            ],
            "child_modules": {
                "altsyncram_0000": 1
            },
            "Compiled": "Yes",
            "nRouts": 8,
            "nMops": 169,
            "end_perf": [
                3.1407098770141602,
                2.2656580000000002,
                0.44434600000000002,
                479484,
                532804,
                292887535427666,
                165811638400,
                0
            ],
            "Compiled Times": 3,
            "nQuads": 31
        },
        "ramC_fsm": {
            "start_perf": [
                3.11503005027771,
                2.2468720000000002,
                0.44182300000000002,
                479368,
                532804,
                1696843239.4738491,
                292887509732541
            ],
            "child_modules": {
                "romC_128x1": 1
            },
            "Compiled": "Yes",
            "nRouts": 29,
            "nMops": 407,
            "end_perf": [
                3.1279261112213135,
                2.255341,
                0.443104,
                479424,
                532804,
                292887522653500,
                5647404639,
                0
            ],
            "Compiled Times": 3,
            "nQuads": 218
        },
        "multiplier_8816": {
            "start_perf": [
                2.8471748828887939,
                2.1066699999999998,
                0.40823700000000002,
                478220,
                532804,
                1696843239.2059939,
                292887241959208
            ],
            "child_modules": {},
            "Compiled": "Yes",
            "nRouts": 89,
            "nMops": 3055,
            "end_perf": [
                3.0598700046539307,
                2.2240609999999998,
                0.43296600000000002,
                479220,
                532804,
                292887454603625,
                20932752096469,
                0
            ],
            "Compiled Times": 3,
            "nQuads": 1092
        },
        "std": {
            "start_perf": [
                3.0601980686187744,
                2.224316,
                0.43301600000000001,
                479220,
                532804,
                1696843239.4190171,
                292887454915291
            ],
            "child_modules": {},
            "Compiled": "Yes",
            "nRouts": 33,
            "nMops": 528,
            "Compiled Times": 3,
            "end_perf": [
                3.0851149559020996,
                2.2409680000000001,
                0.438805,
                479344,
                532804,
                292887479852541,
                0,
                0
            ],
            "svclass": [
                "$vcs_nba_dyn_obj",
                0,
                35,
                2,
                2,
                0,
                0,
                "sigprop$$",
                0,
                35,
                2,
                2,
                0,
                0,
                "process",
                0,
                200,
                8,
                8,
                0,
                0,
                "event",
                0,
                34,
                2,
                2,
                0,
                0,
                "mailbox",
                0,
                140,
                9,
                9,
                0,
                0,
                "semaphore",
                0,
                84,
                5,
                5,
                0,
                0
            ],
            "num_classes": 6,
            "nQuads": 218
        },
        "SevenSegmentControl": {
            "start_perf": [
                3.0852160453796387,
                2.241053,
                0.43882199999999999,
                479344,
                532804,
                1696843239.4440351,
                292887479922166
            ],
            "child_modules": {},
            "Compiled": "Yes",
            "nRouts": 27,
            "nMops": 1874,
            "end_perf": [
                3.1149749755859375,
                2.2468249999999999,
                0.44181399999999998,
                479368,
                532804,
                292887509706833,
                51946009718223672,
                0
            ],
            "Compiled Times": 3,
            "nQuads": 320
        },
        "accum_8x32": {
            "start_perf": [
                3.1279740333557129,
                2.2553830000000001,
                0.44311200000000001,
                479424,
                532804,
                1696843239.486793,
                292887522674875
            ],
            "child_modules": {},
            "Compiled": "Yes",
            "nRouts": 18,
            "nMops": 298,
            "end_perf": [
                3.1377220153808594,
                2.263185,
                0.44426199999999999,
                479480,
                532804,
                292887532448000,
                34057194764,
                0
            ],
            "Compiled Times": 3,
            "nQuads": 108
        },
        "romB_128x1": {
            "start_perf": [
                3.1407449245452881,
                2.2656879999999999,
                0.44435200000000002,
                479484,
                532804,
                1696843239.4995639,
                292887535446041
            ],
            "child_modules": {
                "altsyncram_0000_0000": 1
            },
            "Compiled": "Yes",
            "nRouts": 8,
            "nMops": 169,
            "end_perf": [
                3.1422560214996338,
                2.2666309999999998,
                0.44453700000000002,
                479484,
                532804,
                292887536968375,
                165811247775,
                0
            ],
            "Compiled Times": 3,
            "nQuads": 31
        }
    },
    "ObjArchives": [
        {
            "archive": "archive.2/_11475_archive_1.a",
            "objects": [
                [
                    "amcQwB.o",
                    115014
                ]
            ],
            "size": 115014
        }
    ],
    "CompUnits": {},
    "stat": {
        "ru_self_end": {
            "ru_nvcsw": 3858,
            "ru_majflt": 84,
            "ru_utime_sec": 2.289059,
            "ru_stime_sec": 0.45658300000000002,
            "ru_nivcsw": 503,
            "ru_minflt": 65277,
            "ru_maxrss_kb": 215756
        },
        "ru_childs_end": {
            "ru_nvcsw": 2907,
            "ru_majflt": 142,
            "ru_utime_sec": 1.6211989999999998,
            "ru_stime_sec": 0.65199399999999996,
            "ru_nivcsw": 1813,
            "ru_minflt": 126104,
            "ru_maxrss_kb": 167128
        },
        "peak_mem_kb": 532804,