{
    "MlibObjs": {},
    "cycles_program_begin": 294215018782500,
    "NameTable": {
        "std": [
            "std",
            "reYIK",
            "module",
            1
        ],
        "tb_barrett_reduction": [
            "tb_barrett_reduction",
            "xHz6B",
            "module",
            2
        ],
        "...MASTER...": [
            "SIM",
            "amcQw",
            "module",
            3
        ]
    },
    "CompileProcesses": [
        "cgproc.16540.json",
        "cgproc.16560.json"
    ],
    "stat": {
        "mop/quad": 3.0909090909090908,
        "ru_self_cgstart": {
            "ru_utime_sec": 0.80690200000000001,
            "ru_stime_sec": 0.18746199999999999,
            "ru_maxrss_kb": 171748,
            "ru_minflt": 33147,
            "ru_majflt": 132,
            "ru_nvcsw": 1001,
            "ru_nivcsw": 72
        },
        "nMops": 680,
        "cpu_cycles_end": 294216309076666,
        "ru_childs_cgstart": {
            "ru_utime_sec": 0.193495,
            "ru_stime_sec": 0.052197,
            "ru_maxrss_kb": 85100,
            "ru_minflt": 9889,
            "ru_majflt": 78,
            "ru_nvcsw": 140,
            "ru_nivcsw": 9
        },
        "cpu_cycles_cgstart": 294216043177708,
        "nQuads": 220,
        "ru_childs_end": {
            "ru_utime_sec": 0.29235100000000003,
            "ru_stime_sec": 0.086816000000000004,
            "ru_maxrss_kb": 136668,
            "ru_minflt": 20078,
            "ru_majflt": 96,
            "ru_nvcsw": 279,
            "ru_nivcsw": 11
        },
        "totalObjSize": 139498,
        "mopSpeed": 2326.9263014533012,
        "outputSizePerQuad": 634.08181818181822,
        "ru_self_end": {
            "ru_utime_sec": 1.0002770000000001,
            "ru_stime_sec": 0.206649,
            "ru_maxrss_kb": 188524,
            "ru_minflt": 42014,
            "ru_majflt": 132,
            "ru_nvcsw": 1529,
            "ru_nivcsw": 77
        },
        "Frontend(%)": 77.392490337513948,
        "cpu_cycles_total": 1290294166,
        "quadSpeed": 752.82909752900923,
        "CodeGen(%)": 22.607509662486045,
        "peak_mem_kb": 528028,
        "realTime": 1.3617510795593262
    },
    "CompileStatus": "Successful",
    "perf": [
        {
            "sub": [
                {
                    "sub": [],
                    "stat": [
                        "doParsingAndDesignResolution",
                        "entry",
                        0.25357913970947266,
                        0.30025299999999999,
                        0.045187999999999999,
                        360020,
                        360020,
                        0.0,
                        0.0,
                        1696844567.1656611,
                        294215200976125
                    ]
                },
                {
                    "sub": [],
                    "stat": [
                        "doParsingAndDesignResolution",
                        "exit",
                        0.43766999244689941,
                        0.46781499999999998,
                        0.140344,
                        465024,
                        528028,
                        0.0,
                        0.0,
                        1696844567.3497519,
                        294215385074708
                    ]
                },
                {
                    "sub": [
                        {
                            "sub": [],
                            "stat": [
                                "doUptoVir2VcsNoSepCleanup",
                                "entry",
                                0.521636962890625,
                                0.53492700000000004,
                                0.151086,
                                447912,
                                528028,
                                0.0,
                                0.0,
                                1696844567.4337189,
                                294215469021750
                            ]
                        },
                        {
                            "sub": [],
                            "stat": [
                                "doUptoVir2VcsNoSepCleanup",
                                "exit",
                                0.79073715209960938,
                                0.75558999999999998,
                                0.18126,
                                463880,
                                528028,
                                0.0,
                                0.0,
                                1696844567.7028191,
                                294215738130291
                            ]
                        },
                        {
                            "sub": [],
                            "stat": [
                                "doRadify_vir2vcsAll",
                                "entry",
                                0.79158902168273926,
                                0.75644299999999998,
                                0.18126,
                                463888,
                                528028,
                                0.0,
                                0.0,
                                1696844567.703671,
                                294215738961166
                            ]
                        },
                        {
                            "sub": [],
                            "stat": [
                                "doRadify_vir2vcsAll",
                                "exit",
                                0.83284807205200195,
                                0.79264199999999996,
                                0.18393300000000001,
                                464288,
                                528028,
                                0.0,
                                0.0,
                                1696844567.74493,
                                294215780247541
                            ]
                        }
                    ],
                    "stat": [
                        "doPostDesignResolutionToVir2Vcs",
                        "entry",
                        0.45853495597839355,
                        0.48117199999999999,
                        0.14648700000000001,
                        447096,
                        528028,
                        0.0,
                        0.0,
                        1696844567.3706169,
                        294215405923916
                    ]
                },
                {
                    "sub": [],
                    "stat": [
                        "doPostDesignResolutionToVir2Vcs",
                        "exit",
                        0.83290195465087891,
                        0.79268700000000003,
                        0.183944,
                        464288,
                        528028,
                        0.0,
                        0.0,
                        1696844567.7449839,
                        294215780268333
                    ]
                },
                {
                    "sub": [
                        {
                            "sub": [],
                            "stat": [
                                "DoPass2",
                                "entry",
                                1.0949211120605469,
                                0.80621500000000001,
                                0.187302,
                                462836,
                                528028,
                                0.193495,
                                0.052197,
                                1696844568.0070031,
                                294216042318875
                            ]
                        },
                        {
                            "sub": [],