{
    "cpu_cycles_pass2_start": 5161949477833,
    "NameTable": {
        "std": [
            "std",
            "reYIK",
            "module",
            1
        ],
        "tb_barrett_reduction": [
            "tb_barrett_reduction",
            "xHz6B",
            "module",
            2
        ],
        "...MASTER...": [
            "SIM",
            "amcQw",
            "module",
            3
        ]
    },
    "incremental": "on",
    "cycles_program_begin": 5159396745083,
    "perf": [
        {
            "stat": [
                "main",
                "entry",
                0.11606216430664062,
                0.220105,
                0.098701999999999998,
                347952,
                347952,
                0.0,
                0.0,
                1697005556.3827391,
                5159399531875
            ],
            "sub": [
                {
                    "stat": [
                        "doParsingAndDesignResolution",
                        "entry",
                        1.6363492012023926,
                        0.28820000000000001,
                        0.122118,
                        362100,
                        362100,
                        0.0,
                        0.0,
                        1697005557.9030261,
                        5160919613750
                    ],
                    "sub": []
                },
                {
                    "stat": [
                        "doParsingAndDesignResolution",
                        "exit",
                        1.9034161567687988,
                        0.451936,
                        0.24831600000000001,
                        465024,
                        530104,
                        0.0,
                        0.0,
                        1697005558.1700931,
                        5161186667333
                    ],
                    "sub": []
                },
                {
                    "stat": [
                        "doPostDesignResolutionToVir2Vcs",
                        "entry",
                        1.9290452003479004,
                        0.46402900000000002,
                        0.256463,
                        449176,
                        530104,
                        0.0,
                        0.0,
                        1697005558.1957221,
                        5161212298375
                    ],
                    "sub": [
                        {
                            "stat": [
                                "doUptoVir2VcsNoSepCleanup",
                                "entry",
                                2.004256010055542,
                                0.51621799999999995,
                                0.269071,
                                450028,
                                530104,
                                0.0,
                                0.0,
                                1697005558.2709329,
                                5161287508500
                            ],
                            "sub": []
                        },
                        {
                            "stat": [
                                "doUptoVir2VcsNoSepCleanup",
                                "exit",
                                2.3172781467437744,
                                0.744506,
                                0.30579699999999999,
                                465936,
                                530104,
                                0.0,
                                0.0,
                                1697005558.583955,
                                5161600536750
                            ],
                            "sub": []
                        },
                        {
                            "stat": [
                                "doRadify_vir2vcsAll",
                                "entry",
                                2.3202271461486816,
                                0.74570400000000003,
                                0.30687799999999998,
                                465940,
                                530104,
                                0.0,
                                0.0,
                                1697005558.586904,
                                5161603463375
                            ],
                            "sub": []
                        },
                        {
                            "stat": [
                                "doRadify_vir2vcsAll",
                                "exit",
                                2.3739650249481201,
                                0.78366100000000005,
                                0.31667099999999998,
                                466344,
                                530104,
                                0.0,
                                0.0,
                                1697005558.6406419,
                                5161657233166
                            ],
                            "sub": []
                        }
                    ]
                },
                {
                    "stat": [
                        "doPostDesignResolutionToVir2Vcs",
                        "exit",
                        2.3740429878234863,
                        0.78371900000000005,
                        0.31669399999999998,
                        466344,
                        530104,
                        0.0,
                        0.0,
                        1697005558.6407199,
                        5161657256458
                    ],
                    "sub": []
                },
                {
                    "stat": [
                        "doGAToPass2",
                        "entry",
                        2.3741030693054199,
                        0.78376199999999996,
                        0.31671199999999999,
                        466344,
                        530104,
                        0.0,
                        0.0,
                        1697005558.64078,
                        5161657316333
                    ],
                    "sub": [
                        {
                            "stat": [
                                "DoPass2",
                                "entry",
                                2.6661550998687744,
                                0.79503400000000002,
                                0.32263700000000001,
                                464888,
                                530104,
                                0.19000600000000001,
                                0.065292000000000003,
                                1697005558.932832,
                                5161949405583
                            ],
                            "sub": []
                        },
                        {
                            "stat": [
                                "DoPass2",
                                "exit",
                                2.8727080821990967,
                                0.93151499999999998,
                                0.34340100000000001,
                                466316,
                                530104,
                                0.21638499999999999,
                                0.071027000000000007,
                                1697005559.139385,
                                5162155934791
                            ],