{
    "Modules": {
        "...MASTER...": {
            "start_perf": [
                2.6686031818389893,
                0.796454,
                0.32340200000000002,
                464900,
                530104,
                1697005558.9352801,
                5161951833791
            ],
            "child_modules": {
                "std": 1,
                "tb_barrett_reduction": 1
            },
            "end_perf": [
                2.7552230358123779,
                0.83393399999999995,
                0.33296999999999999,
                465320,
                530104,
                5162038464791,
                0,
                0
            ],
            "nMops": 0,
            "nQuads": 0,
            "nRouts": 5
        },
        "std": {
            "start_perf": [
                2.7560360431671143,
                0.83451500000000001,
                0.333202,
                465324,
                530104,
                1697005559.0227129,
                5162039251416
            ],
            "Compiled Times": 3,
            "Compiled": "Yes",
            "child_modules": {},
            "end_perf": [
                2.8160250186920166,
                0.88835799999999998,
                0.33501999999999998,
                465904,
                530104,
                5162099267666,
                0,
                0
            ],
            "svclass": [
                "$vcs_nba_dyn_obj",
                0,
                35,
                2,
                2,
                0,
                0,
                "sigprop$$",
                0,
                35,
                2,
                2,
                0,
                0,
                "process",
                0,
                200,
                8,
                8,
                0,
                0,
                "event",
                0,
                34,
                2,
                2,
                0,
                0,
                "mailbox",
                0,
                140,
                9,
                9,
                0,
                0,
                "semaphore",
                0,
                84,
                5,
                5,
                0,
                0
            ],
            "num_classes": 6,
            "nQuads": 218,
            "nMops": 528,
            "nRouts": 33
        },
        "tb_barrett_reduction": {
            "Compiled Times": 3,
            "Compiled": "Yes",
            "start_perf": [
                2.8161511421203613,
                0.88844999999999996,
                0.33505499999999999,
                465908,
                530104,
                1697005559.082828,
                5162099364250
            ],
            "child_modules": {},
            "end_perf": [
                2.8603641986846924,
                0.92458799999999997,
                0.341061,
                466256,
                530104,
                5162143601916,
                334703075741391652,
                0
            ],
            "nMops": 680,
            "nQuads": 220,
            "nRouts": 30
        }
    },
    "CompUnits": {},
    "reusePaths": {
        "amcQw_d": {
            "icPath": "csrc"
        },
        "reYIK_d": {
            "icPath": "csrc"
        },
        "xHz6B_d": {
            "icPath": "csrc"
        }
    },
    "stat": {
        "ru_self_end": {
            "ru_majflt": 1510,
            "ru_utime_sec": 0.94166899999999998,
            "ru_stime_sec": 0.34544599999999998,
            "ru_maxrss_kb": 180932,
            "ru_minflt": 36485,
            "ru_nvcsw": 2695,
            "ru_nivcsw": 53
        },
        "ru_childs_end": {
            "ru_majflt": 217,
            "ru_utime_sec": 0.21638499999999999,
            "ru_stime_sec": 0.071027000000000007,
            "ru_maxrss_kb": 77088,
            "ru_minflt": 10785,
            "ru_nvcsw": 251,
            "ru_nivcsw": 1
        },
        "peak_mem_kb": 530104,
        "cpu_cycles_end": 5162173163583
    },
    "ObjArchives": [
        {
            "objects": [
                [
                    "amcQwB.o",
                    114750
                ]
            ],
            "archive": "archive.2/_1408_archive_1.a",
            "size": 114750
        }
    ]
}